{"py/object": "rasa.core.featurizers.tracker_featurizers.MaxHistoryTrackerFeaturizer", "state_featurizer": {"py/object": "rasa.core.featurizers.single_state_featurizer.SingleStateFeaturizer", "_default_feature_states": {"intent": {"affirm": 0, "ask_about_mas_info": 1, "ask_admission_letter": 2, "ask_application_deadlines": 3, "ask_language_requirements": 4, "ask_mas_requirements": 5, "ask_mensa_menu": 6, "ask_notification_timing": 7, "ask_semester_fees": 8, "back": 9, "bot_check": 10, "deny": 11, "feeling_bad": 12, "feeling_good": 13, "goodbye": 14, "greet": 15, "inquire_application_process": 16, "nlu_fallback": 17, "out_of_scope": 18, "restart": 19, "session_start": 20}, "action_name": {"action_listen": 0, "action_restart": 1, "action_session_start": 2, "action_default_fallback": 3, "action_deactivate_loop": 4, "action_revert_fallback_events": 5, "action_default_ask_affirmation": 6, "action_default_ask_rephrase": 7, "action_two_stage_fallback": 8, "action_unlikely_intent": 9, "action_back": 10, "...": 11, "action_extract_slots": 12, "action_mensa": 13, "utter_application_process_AS": 14, "utter_cheer_up": 15, "utter_deadlines_master_AS": 16, "utter_did_that_help": 17, "utter_fee_master_AS": 18, "utter_give_info": 19, "utter_goodbye": 20, "utter_greet": 21, "utter_happy": 22, "utter_iamabot": 23, "utter_info_about_language_proficiency": 24, "utter_letter_of_admission_master_AS": 25, "utter_notification_master_AS": 26, "utter_requirements_master_AS": 27}, "entities": {}, "slots": {}, "active_loop": {}}, "action_texts": [], "entity_tag_specs": []}, "max_history": 5, "remove_duplicates": true}