{
  "lookup": {
    "rules": {
      "[{\"prev_action\": {\"action_name\": \"action_listen\"}, \"user\": {\"intent\": \"ask_about_mas_info\"}}]": "utter_give_info",
      "[{\"prev_action\": {\"action_name\": \"action_listen\"}, \"user\": {\"intent\": \"ask_about_mas_info\"}}, {\"prev_action\": {\"action_name\": \"utter_give_info\"}, \"user\": {\"intent\": \"ask_about_mas_info\"}}]": "action_listen",
      "[{\"prev_action\": {\"action_name\": \"action_listen\"}, \"user\": {\"intent\": \"ask_application_deadlines\"}}]": "utter_deadlines_master_AS",
      "[{\"prev_action\": {\"action_name\": \"action_listen\"}, \"user\": {\"intent\": \"ask_application_deadlines\"}}, {\"prev_action\": {\"action_name\": \"utter_deadlines_master_AS\"}, \"user\": {\"intent\": \"ask_application_deadlines\"}}]": "action_listen",
      "[{\"prev_action\": {\"action_name\": \"action_listen\"}, \"user\": {\"intent\": \"bot_check\"}}]": "utter_iamabot",
      "[{\"prev_action\": {\"action_name\": \"action_listen\"}, \"user\": {\"intent\": \"bot_check\"}}, {\"prev_action\": {\"action_name\": \"utter_iamabot\"}, \"user\": {\"intent\": \"bot_check\"}}]": "action_listen",
      "[{\"prev_action\": {\"action_name\": \"action_listen\"}, \"user\": {\"intent\": \"ask_notification_timing\"}}]": "utter_notification_master_AS",
      "[{\"prev_action\": {\"action_name\": \"action_listen\"}, \"user\": {\"intent\": \"ask_notification_timing\"}}, {\"prev_action\": {\"action_name\": \"utter_notification_master_AS\"}, \"user\": {\"intent\": \"ask_notification_timing\"}}]": "action_listen",
      "[{\"prev_action\": {\"action_name\": \"action_listen\"}, \"user\": {\"intent\": \"ask_semester_fees\"}}]": "utter_fee_master_AS",
      "[{\"prev_action\": {\"action_name\": \"action_listen\"}, \"user\": {\"intent\": \"ask_semester_fees\"}}, {\"prev_action\": {\"action_name\": \"utter_fee_master_AS\"}, \"user\": {\"intent\": \"ask_semester_fees\"}}]": "action_listen",
      "[{\"prev_action\": {\"action_name\": \"action_listen\"}, \"user\": {\"intent\": \"inquire_application_process\"}}]": "utter_application_process_AS",
      "[{\"prev_action\": {\"action_name\": \"action_listen\"}, \"user\": {\"intent\": \"inquire_application_process\"}}, {\"prev_action\": {\"action_name\": \"utter_application_process_AS\"}, \"user\": {\"intent\": \"inquire_application_process\"}}]": "action_listen",
      "[{\"prev_action\": {\"action_name\": \"action_listen\"}, \"user\": {\"intent\": \"ask_mensa_menu\"}}]": "action_mensa",
      "[{\"prev_action\": {\"action_name\": \"action_listen\"}, \"user\": {\"intent\": \"ask_mensa_menu\"}}, {\"prev_action\": {\"action_name\": \"action_mensa\"}, \"user\": {\"intent\": \"ask_mensa_menu\"}}]": "action_listen",
      "[{\"prev_action\": {\"action_name\": \"action_listen\"}, \"user\": {\"intent\": \"ask_admission_letter\"}}]": "utter_letter_of_admission_master_AS",
      "[{\"prev_action\": {\"action_name\": \"action_listen\"}, \"user\": {\"intent\": \"ask_admission_letter\"}}, {\"prev_action\": {\"action_name\": \"utter_letter_of_admission_master_AS\"}, \"user\": {\"intent\": \"ask_admission_letter\"}}]": "action_listen",
      "[{\"prev_action\": {\"action_name\": \"action_listen\"}, \"user\": {\"intent\": \"goodbye\"}}]": "utter_goodbye",
      "[{\"prev_action\": {\"action_name\": \"action_listen\"}, \"user\": {\"intent\": \"goodbye\"}}, {\"prev_action\": {\"action_name\": \"utter_goodbye\"}, \"user\": {\"intent\": \"goodbye\"}}]": "action_listen",
      "[{\"prev_action\": {\"action_name\": \"action_listen\"}, \"user\": {\"intent\": \"ask_language_requirements\"}}]": "utter_info_about_language_proficiency",
      "[{\"prev_action\": {\"action_name\": \"action_listen\"}, \"user\": {\"intent\": \"ask_language_requirements\"}}, {\"prev_action\": {\"action_name\": \"utter_info_about_language_proficiency\"}, \"user\": {\"intent\": \"ask_language_requirements\"}}]": "action_listen",
      "[{\"prev_action\": {\"action_name\": \"action_listen\"}, \"user\": {\"intent\": \"ask_mas_requirements\"}}]": "utter_requirements_master_AS",
      "[{\"prev_action\": {\"action_name\": \"action_listen\"}, \"user\": {\"intent\": \"ask_mas_requirements\"}}, {\"prev_action\": {\"action_name\": \"utter_requirements_master_AS\"}, \"user\": {\"intent\": \"ask_mas_requirements\"}}]": "action_listen"
    },
    "rule_only_slots": [],
    "rule_only_loops": [],
    "rules_for_loop_unhappy_path": {},
    "rules_not_in_stories": [
      "predicting default action with intent restart",
      "[{\"prev_action\": {\"action_name\": \"action_listen\"}, \"user\": {\"intent\": \"bot_check\"}}, {\"prev_action\": {\"action_name\": \"utter_iamabot\"}, \"user\": {\"intent\": \"bot_check\"}}]",
      "[{\"prev_action\": {\"action_name\": \"action_listen\"}, \"user\": {\"intent\": \"bot_check\"}}]",
      "predicting default action with intent session_start",
      "[{\"prev_action\": {\"action_name\": \"action_listen\"}, \"user\": {\"intent\": \"ask_mensa_menu\"}}, {\"prev_action\": {\"action_name\": \"action_mensa\"}, \"user\": {\"intent\": \"ask_mensa_menu\"}}]",
      "[{\"prev_action\": {\"action_name\": \"action_listen\"}, \"user\": {\"intent\": \"ask_mensa_menu\"}}]",
      "predicting default action with intent back"
    ]
  }
}